{"loss": [0.6945120096206665, 0.6940738558769226, 0.6944296956062317, 0.6941336989402771, 0.6946199536323547, 0.6941949725151062, 0.6940764784812927, 0.6939586400985718, 0.694423496723175, 0.6941645741462708, 0.6942399144172668, 0.6941716074943542, 0.6941392421722412, 0.6941345930099487, 0.6941403746604919, 0.6941323280334473, 0.6941422820091248, 0.6941352486610413, 0.6941318511962891, 0.6941437721252441], "sparse_categorical_accuracy": [0.6779835224151611, 0.6594650149345398, 0.6630658507347107, 0.5154321193695068, 0.5877057909965515, 0.5156893134117126, 0.5835905075073242, 0.577674925327301, 0.5671296119689941, 0.5704732537269592, 0.5239197611808777, 0.19573044776916504, 0.1350308656692505, 0.1350308656692505, 0.1350308656692505, 0.1350308656692505, 0.1350308656692505, 0.1350308656692505, 0.1350308656692505, 0.13451646268367767], "val_loss": [0.6874768137931824, 0.6884979605674744, 0.6877256631851196, 0.6900150775909424, 0.6921805739402771, 0.6907647252082825, 0.6883625984191895, 0.6860659122467041, 0.6892470121383667, 0.6911505460739136, 0.6921194791793823, 0.6951061487197876, 0.6949261426925659, 0.6950559020042419, 0.6949536800384521, 0.695021390914917, 0.6948882937431335, 0.695009171962738, 0.6950396299362183, 0.6951642036437988], "val_sparse_categorical_accuracy": [0.865626871585846, 0.865626871585846, 0.865626871585846, 0.865626871585846, 0.865626871585846, 0.865626871585846, 0.865626871585846, 0.865626871585846, 0.865626871585846, 0.865626871585846, 0.865626871585846, 0.13437312841415405, 0.13437312841415405, 0.13437312841415405, 0.13437312841415405, 0.13437312841415405, 0.13437312841415405, 0.13437312841415405, 0.13437312841415405, 0.13437312841415405]}