{"loss": [0.6949471235275269, 0.6943922638893127, 0.6942192316055298, 0.6942489147186279, 0.6944940686225891, 0.6941736936569214, 0.6941753029823303, 0.6941488981246948, 0.6941272020339966, 0.6941388845443726, 0.6941061019897461, 0.69408118724823, 0.6940047740936279, 0.693988025188446, 0.6940059661865234, 0.6939800977706909, 0.7058089971542358, 0.6939916610717773, 0.6940153241157532, 0.6940014362335205], "sparse_categorical_accuracy": [0.6368312835693359, 0.5270061492919922, 0.21090534329414368, 0.5681584477424622, 0.38425925374031067, 0.1350308656692505, 0.13477365672588348, 0.1350308656692505, 0.1350308656692505, 0.1350308656692505, 0.16255144774913788, 0.1350308656692505, 0.1350308656692505, 0.1350308656692505, 0.1350308656692505, 0.1427469104528427, 0.23842592537403107, 0.1350308656692505, 0.1350308656692505, 0.1350308656692505], "val_loss": [0.6996859312057495, 0.6953162550926208, 0.6943758726119995, 0.6803869605064392, 0.6965299248695374, 0.6963353157043457, 0.6965903043746948, 0.696469247341156, 0.6967301964759827, 0.6947489380836487, 0.6953729391098022, 0.6962884068489075, 0.6963633298873901, 0.6952987909317017, 0.6956873536109924, 0.6943644285202026, 0.696459174156189, 0.695894718170166, 0.696643054485321, 0.6963081955909729], "val_sparse_categorical_accuracy": [0.13437312841415405, 0.13437312841415405, 0.13437312841415405, 0.865626871585846, 0.13437312841415405, 0.13437312841415405, 0.13437312841415405, 0.13437312841415405, 0.13437312841415405, 0.13437312841415405, 0.13437312841415405, 0.13437312841415405, 0.13437312841415405, 0.13437312841415405, 0.13437312841415405, 0.13437312841415405, 0.13437312841415405, 0.13437312841415405, 0.13437312841415405, 0.13437312841415405]}