{"loss": [0.577065110206604, 0.4770626127719879, 0.37633228302001953, 0.29081615805625916, 0.2086576223373413, 0.15513421595096588, 0.09932001680135727, 0.07582474499940872, 0.06135465204715729, 0.0628511980175972], "sparse_categorical_accuracy": [0.7944958806037903, 0.8369341492652893, 0.9025205969810486, 0.9465020298957825, 0.9747942090034485, 0.9894547462463379, 0.9933127760887146, 0.9958847761154175, 0.998971164226532, 0.9984567761421204], "val_loss": [0.523124098777771, 0.447562575340271, 0.3367127478122711, 0.32369154691696167, 0.1783842146396637, 0.15850716829299927, 0.13621924817562103, 0.1719689667224884, 0.18619400262832642, 0.16927294433116913], "val_sparse_categorical_accuracy": [0.7726454734802246, 0.8242351412773132, 0.8866226673126221, 0.8722255825996399, 0.9496100544929504, 0.9508098363876343, 0.9610077738761902, 0.946610689163208, 0.9418116211891174, 0.9502099752426147]}